"Video ID",Title,"View Count","Has Regional Restrictions?"
XqZsoesa55w,"Baby Shark Dance | #babyshark Most Viewed Video | Animal Songs | PINKFONG Songs for Children","10,308,399,700",0
kJQP7kiw5Fk,"Luis Fonsi - Despacito ft. Daddy Yankee","7,773,599,463",0
F4tHL8reNCs,"Johny Johny Yes Papa üë∂ THE BEST Song for Children | LooLoo Kids","6,222,669,503",0
JGwWNGJdvx8,"Ed Sheeran - Shape of You (Official Music Video)","5,641,680,704",0
RgKAFK5djSk,"Wiz Khalifa - See You Again ft. Charlie Puth [Official Video] Furious 7 Soundtrack","5,437,737,787",0
WRVsOCh907o,"Bath Song | CoComelon Nursery Rhymes & Kids Songs","5,084,348,403",0
hq3yfQnllfQ,"Phonics Song with TWO Words - A For Apple - ABC Alphabet Songs with Sounds for Children","4,504,001,585",0
OPf0YbXqDm0,"Mark Ronson - Uptown Funk (Official Video) ft. Bruno Mars","4,488,776,244",0
KYniUCGPGLs,"–ú–∞—à–∞ –∏ –ú–µ–¥–≤–µ–¥—å (Masha and The Bear) - –ú–∞—à–∞ –ø–ª—é—Å –∫–∞—à–∞ (17 –°–µ—Ä–∏—è)","4,486,713,149",0
9bZkp7q19f0,"PSY - GANGNAM STYLE(Í∞ïÎÇ®Ïä§ÌÉÄÏùº) M/V","4,360,320,834",0
FzG4uDgje3M,"El Chombo - Dame Tu Cosita feat. Cutty Ranks (Official Video) [Ultra Music]","3,880,973,079",0
e_04ZrNroTo,"Wheels on the Bus | CoComelon Nursery Rhymes & Kids Songs","3,777,256,804",0
09R8_2nJtjg,"Maroon 5 - Sugar (Official Music Video)","3,656,342,243",0
CevxZvSJLk8,"Katy Perry - Roar (Official)","3,537,669,083",0
hT_nvWreIhg,"OneRepublic - Counting Stars (Official Music Video)","3,524,801,673",0
fRh_vgS2dFE,"Justin Bieber - Sorry (PURPOSE : The Movement)","3,520,206,198",0
lp-EO5I60KA,"Ed Sheeran - Thinking Out Loud (Official Music Video)","3,416,138,280",0
k85mRPqvMbE,"Crazy Frog - Axel F (Official Video)","3,262,550,778",0
aJOTlE1K90k,"Maroon 5 - Girls Like You ft. Cardi B (Official Music Video)","3,247,963,451",1
60ItHLz5WEA,"Alan Walker - Faded","3,243,976,760",0
0KSOMA3QBU0,"Katy Perry - Dark Horse (Official) ft. Juicy J","3,234,918,086",0
RBumgq5yVrA,"Passenger | Let Her Go (Official Video)","3,186,805,833",0
NUsoVlDFqZg,"Enrique Iglesias - Bailando ft. Descemer Bueno, Gente De Zona (Espa√±ol)","3,174,814,621",0
YqeW9_5kURI,"Major Lazer & DJ Snake - Lean On (feat. M√ò) (Official Music Video)","3,174,206,519",0
MR5XSOdjKMA,"Baa Baa Black Sheep | CoComelon Nursery Rhymes & Kids Songs","3,161,705,178",0
nfWlot6h_JM,"Taylor Swift - Shake It Off","3,150,172,625",0
2Vv-BfVoq4g,"Ed Sheeran - Perfect (Official Music Video)","3,110,146,079",0
pRpeEdMmmQ0,"Shakira - Waka Waka (This Time for Africa) (The Official 2010 FIFA World Cup‚Ñ¢ Song)","3,079,137,571",0
wnJ6LuUFpMo,"J Balvin, Willy William - Mi Gente (Official Video)","3,051,088,405",0
YQHsXMglC9A,"Adele - Hello","2,956,169,633",0
e-ORhEE9VVg,"Taylor Swift - Blank Space","2,943,390,361",0
3bLfzgZ-wO8,"‡§≤‡§ï‡•ú‡•Ä ‡§ï‡•Ä ‡§ï‡§æ‡§†‡•Ä | Lakdi ki kathi | Popular Hindi Children Songs | Animated Songs by JingleToons","2,902,324,633",0
138nNxXUJXw,"Humpty the Train on a Fruits Ride | ‡§π‡§Æ‡•ç‡§™‡•ç‡§ü‡•Ä ‡§ü‡•ç‡§∞‡•à‡§® ‡§î‡§∞ ‡§â‡§∏‡§ï‡•á ‡§´‡§≤ ‡§¶‡•ã‡§∏‡•ç‡§§‡•ã‡§Ç ‡§∏‡•á ‡§Æ‡§ø‡§≤‡§ø‡§è  | Kiddiestv Hindi","2,894,805,970",0
3AtDnEC4zak,"Charlie Puth - We Don't Talk Anymore (feat. Selena Gomez) [Official Video]","2,791,219,623",0
astISOttCQ0,"The Gummy Bear Song - Long English Version","2,789,866,726",0
PT2_F-1esPk,"The Chainsmokers - Closer (Lyric) ft. Halsey","2,786,371,258",0
L0MK7qz13bU,"FROZEN | Let It Go Sing-along | Official Disney UK","2,775,272,722",0
EGymN-Lc87M,"Old MacDonald Had a Farm - Kids nursery rhymes","2,730,102,791",0
6Mgqbai3fKo,"Shakira - Chantaje (Official Video) ft. Maluma","2,716,757,858",1
kffacxfA7G4,"Justin Bieber - Baby (Official Music Video) ft. Ludacris","2,695,057,162",0
papuvlVeZg8,"Clean Bandit - Rockabye (feat. Sean Paul & Anne-Marie) [Official Video]","2,648,699,761",0
k2qgadSvNyU,"Dua Lipa - New Rules (Official Music Video)","2,613,661,647",0
5GL9JoH4Sws,"Fifth Harmony - Work from Home (Official Video) ft. Ty Dolla $ign","2,552,681,619",0
kOkQ4T5WO9E,"Calvin Harris - This Is What You Came For (Official Video) ft. Rihanna","2,550,052,419",0
7PCkvCPvDXk,"Meghan Trainor - All About That Bass","2,508,108,791",0
2vjPBrBU-TM,"Sia - Chandelier (Official Video)","2,474,748,575",1
1_zgKRBrT0Y,"Pedro Cap√≥, Farruko - Calma (Remix - Official Video)","2,474,714,909",0
pXRviuL6vMY,"twenty one pilots: Stressed Out [OFFICIAL VIDEO]","2,470,112,324",0
HP-MbfHFUqs,"Wheels On The Bus | Nursery Rhymes for Babies | Learn with Little Baby Bum | ABCs and 123s","2,419,868,617",0
uelHwf8o7_U,"Eminem - Love The Way You Lie ft. Rihanna","2,369,754,566",0
VqEbCxg2bNI,"Natti Natasha ‚ùå Ozuna - Criminal [Official Video]","2,351,859,526",0
9jI-z9QN6g8,"Casper, Nio Garc√≠a, Darell, Nicky Jam, Bad Bunny, Ozuna - Te Bote Remix (Video Oficial)","2,313,376,459",0
AETFvQonfV8,"‡§∂‡•ç‡§∞‡•Ä ‡§π‡§®‡•Å‡§Æ‡§æ‡§® ‡§ö‡§æ‡§≤‡•Ä‡§∏‡§æ Hanuman Chalisa I GULSHAN KUMAR I HARIHARAN, Full HD Video, Shree Hanuman Chalisa","2,298,001,702",0
fLexgOxsZu0,"Bruno Mars - The Lazy Song (Official Music Video)","2,296,657,192",0
OO53j1uN2oE,"D Billions - Shake, shake your body! Clap, Clap, Cha Cha Cha!","2,283,931,588",0
0dkHZYeIGIk,"LA VACA LOLA canciones infantiles","2,249,283,174",0
AJtDXIazrMo,"Ellie Goulding - Love Me Like You Do (Official Video)","2,244,270,236",0
ALZHF5UqnU4,"Marshmello - Alone (Official Music Video)","2,225,914,671",0
PIh2xe4jnpk,"MAGIC! - Rude (Official Video)","2,201,853,042",0
lY2yjAdbvdQ,"Shawn Mendes - Treat You Better","2,201,604,549",0
DK_0jXPuIr0,"Justin Bieber - What Do You Mean? (Official Music Video)","2,185,430,806",0
TyHvyGVs42U,"Luis Fonsi, Demi Lovato - √âchame La Culpa (Video Oficial)","2,184,978,215",0
7wtfhZwyrcc,"Imagine Dragons - Believer","2,168,049,240",0
KQ6zr6kCPj8,"LMFAO ft. Lauren Bennett, GoonRock - Party Rock Anthem (Official Video)","2,141,801,585",0
IcrbM1l_BoI,"Avicii - Wake Me Up (Official Video)","2,138,170,563",0
GMFewiplIbw,"Becky G, Bad Bunny - Mayores (Official Video)","2,112,896,938",0
450p7goxZqg,"John Legend - All of Me (Official Video)","2,078,073,510",0
020g-0hhCAU,"Baby Shark | CoComelon Nursery Rhymes & Kids Songs","2,070,606,396",0
qrmK0k0PN4c,"I WANT SUMO | Doritos Commercial","2,069,119,906",0
_I_D_8Z4sJE,"Nicky Jam x J. Balvin - X (EQUIS) | Video Oficial | Prod. Afro Bros & Jeon","2,059,012,572",0
YBHQbu5rbdQ,"Fifth Harmony - Worth It (Official Video) ft. Kid Ink","2,057,708,800",0
rtOvBOTyX00,"Christina Perri - A Thousand Years [Official Music Video]","2,041,946,665",0
4XLQpRI_wOQ,"This Is The Way | Kids Songs | Super Simple Songs","2,037,968,185",0
FM7MFYoylVs,"The Chainsmokers & Coldplay - Something Just Like This (Lyric)","2,036,809,346",0
Fn9adh4HWUU,"UPA CAVALINHO - Galinha Pintadinha 4 - OFICIAL","2,024,097,718",0
34Na4j8AVgA,"The Weeknd - Starboy ft. Daft Punk (Official Video)","2,014,925,007",0
l0U7SxXHkPY,"Future - Life Is Good (Official Music Video) ft. Drake","2,009,431,381",0
rYEDA3JcQqw,"Adele - Rolling in the Deep (Official Music Video)","1,993,473,743",0
SXiSVQZLje8,"Ariana Grande ft. Nicki Minaj - Side To Side (Official Video) ft. Nicki Minaj","1,986,116,360",0
PMivT7MJ41M,"Bruno Mars - That‚Äôs What I Like (Official Music Video)","1,985,528,271",0
lWA2pjMjpBs,"Rihanna - Diamonds","1,895,651,268",0
KTOwPz-zMWY,"Yes Yes Playground Song | CoComelon Nursery Rhymes & Kids Songs","1,892,222,382",0
8UVNT4wvIGY,"Gotye - Somebody That I Used To Know (feat. Kimbra) [Official Music Video]","1,870,123,349",0
HCjNJDNzw8Y,"Camila Cabello - Havana (Audio) ft. Young Thug","1,861,430,131",0
QFs3PIZb3js,"Romeo Santos - Propuesta Indecente (Official Video)","1,858,702,995",0
vjW8wmF5VWc,"Silent√≥ - Watch Me (Whip/Nae Nae) (Official)","1,854,347,645",0
TapXs54Ah3E,"J. Balvin - Ay Vamos (Official Video)","1,842,589,829",0
hLQl3WQQoQ0,"Adele - Someone Like You (Official Music Video)","1,840,395,649",0
8dVt7eE3BAo,"Talking Angela - Summer Fun at the Beach with Talking Tom (Shorts Combo)","1,838,271,940",0
8SbUC-UaAxE,"Guns N' Roses - November Rain","1,836,418,861",0
IHNzOHi8sJs,"BLACKPINK - ‚ÄòÎöúÎëêÎöúÎëê (DDU-DU DDU-DU)‚Äô M/V","1,827,635,033",0
5Dx8Yd-0i5Q,"Wheels on the Bus | Mother Goose Club  Playhouse Kids Video","1,823,063,515",0
1GDFa-nEzlg,"This Is The Way We Get Dressed | Kids Songs | Super Simple Songs","1,822,932,145",0
uxpDa-c-4Mc,"Drake - Hotline Bling","1,820,980,993",0
tt2k8PGm-TI,"ZAYN - Dusk Till Dawn (Official Video) ft. Sia","1,818,405,030",0
UprcpdwuwCg,"twenty one pilots: Heathens (from Suicide Squad: The Album) [OFFICIAL VIDEO]","1,816,201,229",0
Io0fBr1XBUA,"The Chainsmokers - Don't Let Me Down (Official Video) ft. Daya","1,802,386,741",0
q0hyYWKXF0Q,"TONES AND I - DANCE MONKEY (OFFICIAL VIDEO)","1,799,950,502",0
yzTuBuRdAyA,"The Weeknd - The Hills (Official Video)","1,794,418,568",0
fKopy74weus,"Imagine Dragons - Thunder","1,788,241,552",0
0HDdjwpPM3Y,"Jessie J, Ariana Grande, Nicki Minaj - Bang Bang (Official Video)","1,785,407,277",0
EN1SJT76JoY,"Diana - LIKE IT - Kids Song (Official Video)","1,763,361,518",0
kXYiU_JCYtU,"Numb [Official Music Video] - Linkin Park","1,757,144,458",0
ApXoWvfEYVU,"Post Malone, Swae Lee - Sunflower (Spider-Man: Into the Spider-Verse)","1,749,991,889",1
Vtos9gw1HJI,"Sick Song | CoComelon Nursery Rhymes & Kids Songs","1,744,679,560",0
nYh-n7EOtMA,"Sia - Cheap Thrills (Lyric Video) ft. Sean Paul","1,709,353,880",1
LjhCEhWiKXk,"Bruno Mars - Just The Way You Are (Official Music Video)","1,698,048,915",0
7jpqqBX-Myw,"CNCO - Reggaet√≥n Lento (Bailemos)","1,679,557,606",0
AMTAQ-AJS4Y,"Chino y Nacho - Andas En Mi Cabeza ft. Daddy Yankee (Video Oficial)","1,668,717,819",0
NGLxoKOvzu4,"Jason Derulo - Swalla (feat. Nicki Minaj & Ty Dolla $ign) [Official Music Video]","1,662,054,262",0
QK8mJJJvaes,"MACKLEMORE & RYAN LEWIS - THRIFT SHOP FEAT. WANZ (OFFICIAL VIDEO)","1,660,948,026",0
oyEuk8j8imI,"Justin Bieber - Love Yourself (Official Music Video)","1,646,151,290",0
j5-yKhDd64s,"Eminem - Not Afraid (Official Video)","1,622,797,614",0
Y2T_rIZ4Pho,"Deck the Halls - Christmas Song for Kids | CoComelon Nursery Rhymes & Kids Songs","1,618,047,435",0
YykjpeuMNEk,"Coldplay - Hymn For The Weekend (Official Video)","1,616,938,585",0
GmHrjFIWl6U,"Maluma - Coraz√≥n (Official Video) ft. Nego do Borel","1,580,799,650",0
H6qNS9toSWk,"ÿ£ÿ∫ŸÜŸäÿ© ŸáÿßŸÑÿµŸäÿµÿßŸÜ ÿ¥Ÿà ÿ≠ŸÑŸàŸäŸÜ 2018","1,580,177,142",1
VYtJAuoZxcc,"Una Lady Como T√∫ - MTZ Manuel Turizo | Video Oficial","1,562,104,239",0
JRfuAukYTKg,"David Guetta - Titanium ft. Sia (Official Video)","1,560,067,402",0
gCYcHz2k5x0,"Martin Garrix - Animals (Official Video)","1,552,701,001",0
0aZ7lPQ5EXs,"El Gallo y la Pata - Canciones de la Granja de Zen√≥n 2","1,550,500,374",0
1G4isv_Fylg,"Coldplay - Paradise (Official Video)","1,544,342,544",0
2S24-y0Ij3Y,"BLACKPINK - 'Kill This Love' M/V","1,533,704,095",0
ru0K8uYEZWw,"CAN'T STOP THE FEELING! (from DreamWorks Animation's ""TROLLS"") (Official Video)","1,526,592,337",0
qrO4YZeyl0I,"Lady Gaga - Bad Romance (Official Music Video)","1,524,909,941",0
uO59tfQ2TbA,"David Guetta - Hey Mama (Official Video) ft Nicki Minaj, Bebe Rexha & Afrojack","1,524,259,418",0
KWGrPNqz4uc,"Ozuna - Se Prepar√≥ (Video Oficial) | Odisea","1,523,229,532",0
wV3N-wCRL2k,"Wheels on the Bus + More Nursery Rhymes & Kids Songs - CoComelon","1,522,472,884",0
JeLIYZJ3hfM,"Bandar Mama Pahan Pajama - 3D Animated Hindi Rhymes","1,518,739,579",0
ebXbLfLACGM,"Calvin Harris - Summer (Official Video)","1,517,002,997",0
Mtau4v6foHA,"Carlos Vives, Sebasti√°n Yatra - Robarte un Beso (Official Video)","1,501,307,331",0
Sjwl23rk6Tg,"""No No"" Bedtime Song | CoComelon Nursery Rhymes & Kids Songs","1,497,131,113",0
V1Pl8CzNzCw,"Billie Eilish, Khalid - lovely","1,490,161,051",0
CGyEd0aKWZE,"Ellie Goulding - Burn (Official Video)","1,489,508,751",0
EgqUJOudrcM,"Calvin Harris & Disciples - How Deep Is Your Love","1,487,841,415",0
k76BgIb89-s,"Los √Ångeles Azules - Nunca Es Suficiente ft. Natalia Lafourcade (Live)","1,484,806,846",0
QcIy9NiNbmo,"Taylor Swift - Bad Blood ft. Kendrick Lamar","1,483,427,746",0
-UV0QGLmYys,"Carlos Vives, Shakira - La Bicicleta","1,483,381,030",0
UqyT8IEBkvY,"Bruno Mars - 24K Magic (Official Music Video)","1,481,623,709",0
ASO_zypdnsQ,"PSY - GENTLEMAN M/V","1,474,072,824",0
fJ9rUzIMcZQ,"Queen ‚Äì Bohemian Rhapsody (Official Video Remastered)","1,473,198,700",0
foE1mO2yM04,"Mike Posner - I Took A Pill In Ibiza (Seeb Remix) (Explicit)","1,455,181,907",0
CvKgP6Ei-U8,"Surprise Eggs Nursery Rhymes | Old MacDonald Had A Farm | Learn Colours & Farm Animals | ChuChu TV","1,450,719,036",0
L3wKzyIN1yk,"Rag'n'Bone Man - Human (Official Video)","1,448,808,517",0
xTlNMmZKwpA,"Cardi B, Bad Bunny & J Balvin - I Like It [Official Music Video]","1,443,661,655",0
nCkpzqqog4k,"Sam Smith - I'm Not The Only One (Official Video)","1,443,065,268",0
hTWKbfoikeg,"Nirvana - Smells Like Teen Spirit (Official Music Video)","1,440,120,654",0
RKioDWlajvo,"Lehanga : Jass Manak (Official Video) Satti Dhillon | Punjabi Songs | GK DIGITAL | Geet MP3","1,436,726,640",0
fWNaR-rxAic,"Carly Rae Jepsen - Call Me Maybe","1,430,087,470",0
EA_fbT6oN2k,"Johny Johny Yes Papa Nursery Rhyme |  Part 3 -  3D Animation Rhymes & Songs for Children","1,428,763,375",0
VbfpW0pbvaU,"Shawn Mendes - Stitches (Official Video)","1,428,488,969",0
djV11Xbc914,"a-ha - Take On Me (Official Video) [Remastered in 4K]","1,428,266,274",0
R3ldnhH-CP4,"ÿ∑ŸÅŸÑÿ© ÿ™ÿπŸÑŸÖ ÿßŸÑÿ£ŸÑŸàÿßŸÜ ŸÖÿπ ÿßŸÑÿ¢Ÿäÿ≥ ŸÉÿ±ŸäŸÖ ŸàŸÅŸäŸÜÿ¨ÿ± ÿ®ÿßŸäŸÜÿ™ ÿ¥ÿßÿ≠ŸÜÿ© ÿßŸÑÿßÿµÿ®ÿπ ÿßŸÑÿ£ÿ≥ÿ±ÿ© ÿßŸÑÿ≠ÿ∂ÿßŸÜÿ©","1,427,963,001",0
SC4xMk98Pdc,"Post Malone - Congratulations ft. Quavo","1,424,899,969",0
3X9wEwulYhk,"Wisin - Esc√°pate Conmigo (Official Video) ft. Ozuna","1,422,740,584",0
MBdVXkSdhwU,"BTS (Î∞©ÌÉÑÏÜåÎÖÑÎã®) 'DNA' Official MV","1,420,954,604",0
5yFSvgGJsC8,"Spider-Man and Liova play with colored toy wheels","1,416,389,208",0
gdZLi9oWNZg,"BTS (Î∞©ÌÉÑÏÜåÎÖÑÎã®) 'Dynamite' Official MV","1,414,772,083",0
HJkAI-Dhq50,"Yes Yes Bedtime Song | CoComelon Nursery Rhymes & Kids Songs","1,410,877,687",0
VMp55KH_3wo,"Gente de Zona - La Gozadera (Official Video) ft. Marc Anthony","1,405,765,068",0
xpVfcZ0ZcFM,"Drake - God's Plan","1,405,229,830",0
0yW7w8F2TVA,"James Arthur - Say You Won't Let Go","1,402,918,067",0
KlyXNRrsk4A,"Katy Perry - Last Friday Night (T.G.I.F.) (Official Music Video)","1,402,242,885",0
5qm8PH4xAss,"50 Cent - In Da Club (Official Music Video)","1,399,698,996",0
9sg-A-eS6Ig,"Enrique Iglesias - SUBEME LA RADIO (Official Video) ft. Descemer Bueno, Zion & Lennox","1,393,031,909",0
YpkJO_GrCo0,"Laung Laachi Title Song  Mannat Noor | Ammy Virk, Neeru Bajwa,Amberdeep | Latest Punjabi Movie 2018","1,390,033,266",0
OpQFFLBMEPI,"P!nk - Just Give Me A Reason ft. Nate Ruess","1,387,965,320",0
YG2p6XBuSKA,"El Amante - Nicky Jam (Video Oficial)  (√Ålbum F√©nix)","1,382,260,498",0
bwmSjveL3Lc,"BLACKPINK - 'Î∂êÎ∞îÏïº (BOOMBAYAH)' M/V","1,378,519,005",0
DruYNHN4FYY,"Yes Yes Vegetables Song + More Nursery Rhymes & Kids Songs - CoComelon","1,372,847,915",0
Wm4R8d0d8kU,"Old MacDonald | CoComelon Nursery Rhymes & Kids Songs","1,367,783,914",0
CTFtOOh47oo,"French Montana - Unforgettable ft. Swae Lee","1,362,359,593",0
ktvTqknDobU,"Imagine Dragons - Radioactive","1,359,693,024",0
MuBgIfBR1kA,"Dona Aranha - Galinha Pintadinha 3 - OFICIAL","1,359,164,012",1
Pkh8UtuejGw,"Shawn Mendes, Camila Cabello - Se√±orita","1,358,340,535",1
YVkUvmDQ3HY,"Eminem - Without Me (Official Music Video)","1,358,068,907",0
-ccCPcujnys,"ü¶Ü Five Little Ducks ü¶Ü@LooLoo Kids - Nursery Rhymes and Children's Songs","1,356,473,477",0
QGJuMBdaqIw,"Katy Perry - Firework (Official Music Video)","1,354,003,305",0
1w7OgIMMRc4,"Guns N' Roses - Sweet Child O' Mine (Official Music Video)","1,350,918,742",0
hHUbLv4ThOo,"Pitbull - Timber (Official Video) ft. Ke$ha","1,350,873,607",0
4aixNcbvnQI,"JOIN^ocean3flip^1440x1080^20#VD76164099","1,350,122,991",0
nfs8NYg7yQM,"Charlie Puth - Attention [Official Video]","1,344,061,192",0
eVTXPUF4Oz4,"In The End [Official HD Music Video] - Linkin Park","1,339,740,810",0
QJO3ROT-A4E,"One Direction - What Makes You Beautiful (Official Video)","1,335,865,380",0
x6Q7c9RyMzk,"Maari 2 - Rowdy Baby (Video Song) | Dhanush, Sai Pallavi | Yuvan Shankar Raja | Balaji Mohan","1,334,106,935",0
J_ub7Etch2U,"Sam Smith - Too Good At Goodbyes (Official Video)","1,328,745,936",0
iS1g8G_njx8,"Ariana Grande ft. Iggy Azalea - Problem (Official Video)","1,324,895,691",0
Bznxx12Ptl0,"AronChupa, Little Sis Nora - I'm an Albatraoz | OFFICIAL VIDEO","1,320,906,221",0
3tmd-ClpJxA,"Taylor Swift - Look What You Made Me Do","1,316,866,371",0
HHCQsk0TZmk,"Ten Little Buses - From Wheels On The Bus | Little Baby Bum - Nursery Rhymes for Kids","1,304,915,893",0
bpOSxM0rNPM,"Arctic Monkeys - Do I Wanna Know? (Official Video)","1,302,771,308",0
RqpKDkVzlqU,"Joey Montana - Picky","1,301,667,493",0
LjxulQ1bEWg,"Tyga - Taste (Official Video) ft. Offset","1,295,757,418",0
VuNIsY6JdUw,"Taylor Swift - You Belong With Me","1,289,693,955",0
OSUxrSe5GbI,"BAD BUNNY x DRAKE - M√çA (Video Oficial)","1,288,998,563",0
QtXby3twMmI,"Coldplay - Adventure Of A Lifetime (Official Video)","1,285,675,058",0
bo_efYhYU2A,"Lady Gaga, Bradley Cooper - Shallow (from A Star Is Born) (Official Music Video)","1,282,629,259",1
XbGs_qK2PQA,"Eminem - Rap God (Explicit)","1,277,728,984",0
YJyNoFkud6g,"Finger Family Collection - 7 Finger Family Songs - Daddy Finger Nursery Rhymes","1,272,604,346",0
7zp1TbLFPp8,"Don Omar - Danza Kuduro ft. Lucenzo","1,270,071,561",1
6NXnxTNIWkc,"4 Non Blondes - What's Up (Official Music Video)","1,269,736,435",0
ycV6cnK3SIs,"BEBE - 6ix9ine Ft. Anuel AA (Prod. By Ronny J) (Official Music Video)","1,269,377,270",0
HL1UzIK-flA,"Rihanna - Work (Explicit) ft. Drake","1,265,174,891",0
6-n_szx2XRE,"Rahat Fateh Ali Khan - Zaroori Tha","1,259,533,235",0
bnVUHWCynig,"Beyonc√© - Halo","1,255,620,675",1
PJniSb91tvo,"Maluma - El Perdedor (Official Video)","1,254,828,355",0
QRa9On5_grA,"Mariposita ORIGINAL - Gallina Pintadita 2 - Oficial - Canciones infantiles para ni√±os y beb√©s","1,251,315,080",1
_UR-l3QI2nE,"ABC SONG | ABC Songs for Children - 13 Alphabet Songs & 26 Videos","1,247,750,173",0
Uws510cVia4,"HA-ASH - Lo Aprend√≠ de Ti (Primera Fila - Hecho Realidad [En Vivo])","1,247,220,078",0
LHCob76kigA,"Lukas Graham - 7 Years [Official Music Video]","1,246,705,074",0
KEI4qSrkPAs,"The Weeknd - Can't Feel My Face (Official Video)","1,242,913,666",0
Pw-0pbY9JeU,"twenty one pilots - Ride (Official Video)","1,242,658,555",0
1-xGerv5FOk,"Alan Walker - Alone","1,241,851,129",0
N-V_omSSi4M,"Mausam Hua Garam | Hindi Rhymes for Children | Infobells","1,232,757,877",0
K2fkCcjzBrQ,"ÏïÑÍ∏∞ÏÉÅÏñ¥ Ï≤¥Ï°∞ | Baby Shark Dance | ÏÉÅÏñ¥Í∞ÄÏ°± Ï≤¥Ï°∞ | ÌïëÌÅ¨ÌêÅ Ï≤¥Ï°∞ | ÌïëÌÅ¨ÌêÅ Ïù∏Í∏∞ÎèôÏöî","1,231,906,046",0
Kj6ZzR0LKpg,"Main Tota Hindi Rhyme | Children Hindi Rhyme | ‡§Æ‡•à‡§Ç ‡§§‡•ã‡§§‡§æ ‡§Æ‡•à‡§Ç ‡§§‡•ã‡§§‡§æ | Kids Channel India | Hindi Rhyme","1,230,321,955",0
CUYrEiymUMY,"Arcangel x Bad Bunny X Dj Luian X Mambo Kingz - Tu No Vive Asi [Video oficial]","1,221,794,469",0
1358GgXaCr4,"Prenses Esmanƒ±n Sihirli Balonlarƒ±","1,219,066,974",0
7-7knsP2n5w,"Shakira - La La La (Brazil 2014) ft. Carlinhos Brown","1,211,888,779",0
KWZGAExj-es,"Sia - Elastic Heart feat. Shia LaBeouf & Maddie Ziegler (Official Video)","1,208,152,504",1
nntGTK2Fhb0,"Skrillex and Diplo - ""Where Are √ú Now"" with Justin Bieber (Official Video)","1,205,233,263",0
dPI-mRFEIH0,"Katy Perry - Bon App√©tit (Official) ft. Migos","1,203,095,422",0
N2-HsIYd0Go,"Mile Ho Tum - Reprise Version | Neha Kakkar | Tony Kakkar | Fever","1,201,725,071",0
6Ejga4kJUts,"The Cranberries - Zombie (Official Music Video)","1,199,952,057",0
3JWTaaS7LdU,"Whitney Houston - I Will Always Love You (Official 4K Video)","1,198,892,685",0
V1bFr2SWP1I,"OFFICIAL Somewhere over the Rainbow - Israel ""IZ"" Kamakawiwo ªole","1,198,489,260",1
_Yhyp-_hX2s,"Eminem - Lose Yourself [HD]","1,196,990,674",0
nSDgHBxUbVQ,"Ed Sheeran - Photograph (Official Music Video)","1,194,682,082",0
8vrQA-DTp0g,"Wheels On The Bus | Part 8 | Learn with Little Baby Bum | Nursery Rhymes for Babies | ABCs and 123s","1,183,986,675",0
ETLoTxVVvjM,"Christian Nodal - Adi√≥s Amor (Video Oficial)","1,182,514,983",0
6BTjG-dhf5s,"Daddy Yankee - Limbo (Video Oficial)","1,177,329,106",0
QNYB7Tsb880,"‡Æâ‡Æ∞‡ØÅ‡Æ≥‡Øà‡Æï‡Øç ‡Æï‡Æø‡Æ¥‡Æô‡Øç‡Æï‡ØÅ ‡Æö‡ØÜ‡Æ≤‡Øç‡Æ≤‡Æï‡Øç‡Æï‡ØÅ‡Æü‡Øç‡Æü‡Æø | Tamil Rhymes for Children | Infobells","1,174,569,235",0
o3mP3mJDL2k,"Shakira - Can't Remember to Forget You (Official Video) ft. Rihanna","1,173,606,198",0
3yd_eoMOvqk,"MC Kevinho - Olha a Explos√£o (KondZilla) | Official Music Video","1,172,879,633",0
dQw4w9WgXcQ,"Rick Astley - Never Gonna Give You Up (Official Music Video)","1,167,245,945",0
msSc7Mv0QHY,"J.Geco - Chicken Song","1,166,097,188",0
GDMel6oO2fU,"Balloon Boat Race | CoComelon Nursery Rhymes & Kids Songs","1,165,371,179",0
DyDfgMOUjCI,"Billie Eilish - bad guy","1,162,360,934",1
w7w59Zp8bEM,"Osito Gominola - Full Spanish Version - The Gummy Bear Song","1,162,253,979",0
79DijItQXMM,"Dwayne Johnson - You're Welcome (from Moana/Official Video)","1,156,956,095",0
kTlv5_Bs8aw,"BTS (Î∞©ÌÉÑÏÜåÎÖÑÎã®) 'MIC Drop (Steve Aoki Remix)' Official MV","1,156,748,331",0
jGflUbPQfW8,"OMI - Cheerleader (Felix Jaehn Remix) [Official Video]","1,156,522,830",0
JXRN_LkCa_o,"Chris Brown - Loyal (Official Video) ft. Lil Wayne, Tyga","1,156,343,895",0
JFcgOboQZ08,"DILBAR Lyrical | Satyameva Jayate |John Abraham, Nora Fatehi,Tanishk B, Neha Kakkar,Dhvani, Ikka","1,153,007,848",0
vu5-aKf_QqA,"SIMMBA: Aankh Marey Lyrical | Ranveer Singh, Sara Ali Khan | Tanishk Bagchi, Mika Singh,Neha,Kumar S","1,152,098,923",0
SmM0653YvXU,"Pitbull - Rain Over Me ft. Marc Anthony","1,150,596,533",0
sCbbMZ-q4-I,"Lut Gaye (Full Song) Emraan Hashmi, Yukti | Jubin N, Tanishk B, Manoj M | Bhushan K | Radhika-Vinay","1,149,083,489",0
My2FRPA3Gf8,"Miley Cyrus - Wrecking Ball (Official Video)","1,146,489,701",0
Zi_XLOBDo_Y,"Michael Jackson - Billie Jean (Official Video)","1,145,966,702",0
Amq-qlqbjYA,"BLACKPINK - 'ÎßàÏßÄÎßâÏ≤òÎüº (AS IF IT'S YOUR LAST)' M/V","1,144,281,381",0
CSvFpBOe8eY,"System Of A Down - Chop Suey! (Official HD Video)","1,143,256,203",0
8WYHDfJDPDc,"Nelly - Dilemma (Official Music Video) ft. Kelly Rowland","1,141,710,705",0
pgN-vvVVxMA,"XXXTENTACION - SAD!","1,139,330,353",0
aatr_2MstrI,"Clean Bandit - Symphony (feat. Zara Larsson) [Official Video]","1,137,604,797",0
3O1_3zBUKM8,"Naughty Boy - La la la ft. Sam Smith (Official Video)","1,136,269,961",0
QYh6mYIJG2Y,"Ariana Grande - 7 rings (Official Video)","1,135,344,429",1
XI2sXvesncc,"Halloween Baby Shark | Kids Songs and Nursery Rhymes | Halloween Songs from Bounce Patrol","1,132,680,525",0
L8eRzOYhLuw,"Ariana Grande - Break Free ft. Zedd","1,130,663,176",0
4LfJnj66HVQ,"Lil Pump - Gucci Gang [Official Music Video]","1,129,927,804",0
S-sJp1FfG7Q,"Migos - Bad and Boujee ft Lil Uzi Vert [Official Video]","1,127,326,930",0
6R5i6wQCOCQ,"Zion & Lennox ft. J Balvin - Otra Vez (Video Oficial)","1,116,499,619",0
ekzHIouo8Q4,"Bruno Mars - When I Was Your Man (Official Music Video)","1,114,269,912",0
1BmcE6OFRyE,"Masha and The Bear - Jam Day (Episode 6)","1,110,930,561",0
y6Sxv-sUYtM,"Pharrell Williams - Happy (Official Music Video)","1,109,461,226",0
BokdSWC2R68,"Los √Ångeles Azules - Mis Sentimientos ft. Ximena Sari√±ana (Live)","1,108,752,581",0
88JpQ7_Ti08,"„ÇÇ„ÇÇ„ÄÅ„Åõ„Çì„ÅÆ„Åô„Åë„Å´„Ç±„Éº„Ç≠„Çí„Å®„Çâ„ÇåÊ≥£„Åè","1,103,684,687",0
C_3d6GntKbk,"ZAYN - PILLOWTALK (Official Music Video)","1,101,700,292",0
1eMlUb9vnZk,"Esma funny play pretend for kids video","1,099,952,444",0
tAGnKpE4NCI,"Metallica: Nothing Else Matters (Official Music Video)","1,099,627,947",0
vx2u5uUu3DE,"Bon Jovi - It's My Life (Official Music Video)","1,096,499,459",0
CezgTNwk1-s,"Swimming Song + More Nursery Rhymes & Kids Songs - CoComelon","1,094,500,852",0
HMUDVMiITOU,"DJ Snake, Lil Jon - Turn Down for What","1,090,646,288",1
kTHNpusq654,"Katy Perry - Hot N Cold (Official)","1,090,594,615",1
5dbEhBKGOtY,"David Guetta - Play Hard ft. Ne-Yo, Akon (Official Video)","1,090,373,503",0
3xqqj9o7TgA,"The Finger Family Song | ChuChu TV Nursery Rhymes & Songs For Children","1,089,711,940",0
pBuZEGYXA6E,"BTS (Î∞©ÌÉÑÏÜåÎÖÑÎã®) 'IDOL' Official MV","1,089,379,760",0
Tldlt2RhrDw,"GIANT Lightning McQueen Egg Surprise with 100+ Disney Cars Toys","1,088,446,023",0
9FDuUd39NOI,"Wheels on the Bus (Play Version) + More Nursery Rhymes & Kids Songs - CoComelon","1,084,759,721",0
0yr75-gxVtM,"Chino & Nacho - Me Voy Enamorando ft. Farruko (Remix) (Official Music Video)","1,084,506,320",0
7C2z4GqqS5E,"BTS (Î∞©ÌÉÑÏÜåÎÖÑÎã®) 'FAKE LOVE' Official MV","1,082,209,803",0
ffxKSjUwKdU,"Ariana Grande - no tears left to cry (Official Video)","1,078,826,391",0
O-zpOMYRi0w,"Iggy Azalea - Fancy ft. Charli XCX (Official Music Video)","1,078,099,319",0
YXnjy5YlDwk,"Marc Anthony - Vivir Mi Vida (Official Video)","1,076,787,259",0
dT2owtxkU8k,"Shawn Mendes - There's Nothing Holdin' Me Back","1,072,667,913",0
OxxggwHFj7M,"Travesuras - Nicky Jam | Video Oficial","1,070,585,800",0
SR6iYWJxHqs,"Bruno Mars - Grenade (Official Music Video)","1,069,545,238",0
ioNng23DkIM,"BLACKPINK - 'How You Like That' M/V","1,065,788,764",0
v2AC41dglnM,"AC/DC - Thunderstruck (Official Video)","1,065,657,740",0
tFoUuFq3vHw,"Five Little Ducks | Learn with Little Baby Bum | Nursery Rhymes for Babies | ABCs and 123s","1,065,632,374",0
euCqAq6BRa4,"DJ Snake - Let Me Love You ft. Justin Bieber (Official Video)","1,064,212,136",0
_Z5-P9v3F8w,"Justin Bieber - Never Say Never (Official Music Video) ft. Jaden Smith","1,061,897,687",0
TJmTHuuYx3k,"Wheels on the Bus (Play Version) | CoComelon Nursery Rhymes & Kids Songs","1,057,103,413",0
DUT5rEU6pqM,"Shakira - Hips Don't Lie (Official 4K Video) ft. Wyclef Jean","1,053,742,303",1
4fndeDfaWCg,"Backstreet Boys - I Want It That Way (Official HD Video)","1,053,356,088",0
jofNR_WkoCE,"Ylvis - The Fox (What Does The Fox Say?) [Official music video HD]","1,053,134,066",0
zDo0H8Fm7d0,"Bebe Rexha - Meant to Be (feat. Florida Georgia Line) [Official Music Video]","1,050,425,304",0
9xByMBYDRmY,"Maluma - Sin Contrato (Official Video)","1,048,523,638",0
LDZX4ooRsWs,"Nicki Minaj - Anaconda","1,048,480,884",0
fyaI4-5849w,"DJ Khaled - Wild Thoughts (Official Video) ft. Rihanna, Bryson Tiller","1,048,405,935",0
Xk0wdDTTPA0,"Maluma - Borro Cassette (Official Video)","1,047,308,750",0
WF8iaqRqI60,"The Tortoise and the Hare | CoComelon Nursery Rhymes & Kids Songs","1,046,356,602",0
eAqeed4INns,"J Balvin BONITA feat. Jowell & Randy","1,043,370,813",0
8iPcqtHoR3U,"Romeo Santos - Eres M√≠a","1,043,206,261",0
f6vY6tYvKGA,"Cham Cham Full Video | BAAGHI | Tiger Shroff, Shraddha Kapoor| Meet Bros, Monali Thakur| Sabbir Khan","1,041,015,399",0
PEGccV-NOm8,"Cardi B - Bodak Yellow [OFFICIAL MUSIC VIDEO]","1,037,688,512",0
32si5cfrCNc,"BLACKPINK - 'How You Like That' DANCE PERFORMANCE VIDEO","1,036,306,012",0
_CL6n0FJZpk,"Dr. Dre - Still D.R.E. (Official Music Video) ft. Snoop Dogg","1,035,562,037",1
W9P_qUnMaFg,"Dynoro & Gigi D‚ÄôAgostino - In My Mind","1,031,937,787",0
CbEst0K063c,"Myke Towers, Farruko, Arcangel, Sech & Zion - Si Se Da Remix (Video Oficial)","1,028,739,194",0
ZlxIEWygQYY,"Diana Pretend Play with Princess Carriage Inflatable Toy","1,020,827,652",0
I9cCPQVPv8o,"Ricardo Arjona - Fuiste t√∫ feat. Gaby Moreno (Video Oficial)","1,020,546,486",0
PIb6AZdTr-A,"Cyndi Lauper - Girls Just Want To Have Fun (Official Video)","1,017,647,790",0
U8q6MFtbp0A,"LABIOS DESAF√çO / LIP CHALLENGE Tik Tok Musically Compilation 2018","1,016,819,754",0
JyqD_zfXfi8,"Reik - Me Niego ft. Ozuna, Wisin","1,016,670,190",0
tg00YEETFzg,"Rihanna - We Found Love ft. Calvin Harris","1,016,159,268",0
3YxaaGgTQYM,"Evanescence - Bring Me To Life (Official Music Video)","1,015,800,898",0
cPAbx5kgCJo,"Auli'i Cravalho - How Far I'll Go (from Moana/Official Video)","1,015,569,433",0
BQ0mxQXmLsk,"Camila Cabello - Havana ft. Young Thug","1,015,502,386",0
SMs0GnYze34,"DJ Snake ft. Justin Bieber - Let Me Love You [Lyric Video]","1,014,803,730",0
RB-RcX5DS5A,"Coldplay - The Scientist (Official Video)","1,013,408,576",0
JWESLtAKKlU,"J Balvin - Safari ft. Pharrell Williams, BIA, Sky (Official Video)","1,012,888,471",0
uuZE_IRwLNI,"Justin Timberlake - Mirrors (Official Video)","1,012,731,528",0
ZyhrYis509A,"Aqua - Barbie Girl (Official Music Video)","1,010,414,840",0
dZ0fwJojhrs,"Guru Randhawa: Lahore (Official Video) Bhushan Kumar | Vee | DirectorGifty | T-Series","1,010,308,197",0
JF8BRvqGCNs,"Rihanna - Stay ft. Mikky Ekko","1,009,735,347",0
OXq-JP8w5H4,"Maluma - Cuatro Babys (Official Video) ft. Trap Capos, Noriel, Bryant Myers, Juhn","1,006,275,770",0
V_MXGdSBbAI,"6ix9ine, Nicki Minaj, Murda Beatz - ‚ÄúFEFE‚Äù (Official Music Video)","998,914,026",0
4nKcnfw9ggc,"Percher√≥n - La Granja de Zen√≥n 3","998,164,011",0
oC-GflRB0y4,"David Guetta & Showtek - Bad ft.Vassy (Lyrics Video)","994,757,393",0
4wfZT74dFEw,"Bath Song - kids songs - Gaby and Alex","994,151,982",0
Jwgf3wmiA04,"One Direction - Drag Me Down (Official Video)","992,760,658",0
Ys7-6_t7OEQ,"Justin Bieber - Beauty And A Beat ft. Nicki Minaj (Official Music Video)","992,597,885",0
CY8E6N5Nzec,"Marshmello & Anne-Marie - FRIENDS (Lyric Video) *OFFICIAL FRIENDZONE ANTHEM*","989,081,642",0
Dvpd9_5vuks,"Ozuna - S√≠guelo Bailando (Video Oficial)","988,879,831",0
KATq-Ws3xtM,"Patitos Cua Cua Cua - Canciones y cl√°sicos infantiles","987,750,404",0
7DYjfjaZGas,"Monkey Banana-Baby Monkey | Animal Songs | PINKFONG Songs for Children","986,750,433",0
_Fwf45pIAtM,"Saad Lamjarred - LM3ALLEM (Exclusive Music Video) |  (ÿ≥ÿπÿØ ŸÑŸÖÿ¨ÿ±ÿØ - ŸÑŸÖÿπŸÑŸÖ (ŸÅŸäÿØŸäŸà ŸÉŸÑŸäÿ® ÿ≠ÿµÿ±Ÿä","986,349,436",0
6ONRf7h3Mdk,"Travis Scott - SICKO MODE ft. Drake","985,157,719",0
wJnBTPUQS5A,"Alan Walker - The Spectre","984,832,589",0
HvNdJ2RCReg,"Swimming Song | CoComelon Nursery Rhymes & Kids Songs","975,501,003",0
9jK-NcRmVcw,"Europe - The Final Countdown (Official Video)","974,898,801",0
GzU8KqOY8YA,"Sean Paul - No Lie ft. Dua Lipa","973,881,284",0
EzKkl64rRbM,"Black Eyed Peas, J Balvin - RITMO (Bad Boys For Life) (Official Music Video)","973,271,803",0
59GM_xjPhco,"Pintinho Amarelinho - Galinha Pintadinha 1 - OFICIAL","971,774,105",1
mWRsgZuwf_8,"Imagine Dragons - Demons (Official Video)","971,755,596",0
Km4BayZykwE,"J Balvin - Si Tu Novio Te Deja Sola ft. Bad Bunny (Official Video)","969,559,678",0
fwK7ggA3-bU,"Maroon 5 - One More Night (Official Music Video)","968,640,002",0
qFLhGq0060w,"The Weeknd - I Feel It Coming ft. Daft Punk (Official Video)","968,095,533",0
bESGLojNYSo,"Lady Gaga - Poker Face (Official Music Video)","967,915,618",0
Q4Pf6zEcoyU,"Learn fruits and Animals with funny Monkey","967,913,604",0
QaXhVryxVBk,"KAROL G - BICHOTA","967,197,397",1
9WFYuIu7BKA,"Mundo Bita - Viajar pelo Safari [ clipe infantil ]","966,227,404",0
UceaB4D0jpo,"Post Malone - rockstar ft. 21 Savage","965,491,879",0
7-dTp5F8r74,"THROWING KIDS","965,462,712",0
Sv6dMFF_yts,"Fun.: We Are Young ft. Janelle Mon√°e [OFFICIAL VIDEO]","965,040,302",0
ZbZSe6N_BXs,"Pharrell Williams - Happy (Video)","959,380,931",0
lf_wVfwpfp8,"Ariana Grande - Focus","959,109,520",0
wDjeBNv6ip0,"LP - Lost On You (Live)","958,231,037",0
2zNSgSzhBfM,"MACKLEMORE & RYAN LEWIS - CAN'T HOLD US FEAT. RAY DALTON (OFFICIAL MUSIC VIDEO)","956,500,425",0
SLsTskih7_I,"Post Malone - White Iverson","953,992,383",0
R1Ehb3JA-cM,"How Zach King Gets Away With Doing Graffiti","953,893,696",0
OE4eD2Q-JTw,"Abang Tukang Bakso - Daffa & Khalista feat Kak Nunuk","952,700,543",0
7GjOOyBoELw,"Johny Johny Yes Papa - Great Songs for Children | LooLoo Kids","952,412,705",0
6DRkf3kZMXw,"Ozuna - El Farsante (Audio Oficial) | Odisea","949,617,589",0
lwk5OUII9Vc,"Ayo & Teo - Rolex (Official Video)","948,529,771",0
qN4ooNx77u0,"Harry Styles - Sign of the Times (Official Video)","947,392,057",0
6C_s56iscpQ,"Thalia - Desde Esa Noche (Premio Lo Nuestro 2016) ft. Maluma","946,982,517",0
zcrUCvBD16k,"24 News Live TV | HD Live Streaming  | Malayalam News Live Updates | Kerala Budget","942,508,645",0
W-TE_Ys4iwM,"One Direction - Story of My Life","941,554,291",0
xwtdhWltSIg,"R.E.M. - Losing My Religion (Official Music Video)","940,646,192",0
JjOVnuyVvko,"Bolas de Colores - Aprendiendo Colores con Forma de C√≠rculo - Videos Para Ni√±os","940,609,681",0
n4RjJKxsamQ,"Scorpions - Wind Of Change (Official Music Video)","938,157,921",0
P2hM9CLAMu4,"JESSE & JOY ‚Äì ¬°Corre! (Video Oficial)","937,056,603",0
SYM-RJwSGQ8,"Tove Lo - Habits (Stay High) - Hippie Sabotage Remix","935,237,149",0
LrUvu1mlWco,"Miley Cyrus - We Can't Stop (Official Video)","934,330,456",0
4NNRy_Wz16k,"Karol G, Bad Bunny - Ahora Me Llama (Official Video)","934,230,252",0
OMOGaugKpzs,"The Police - Every Breath You Take (Official Video)","933,331,110",0
6QG4n3-rKTs,"20 Surprise Eggs, Kinder Surprise Cars 2 Thomas Spongebob Disney Pixar","929,076,370",0
cHHLHGNpCSA,"Avicii - Waiting For Love","928,206,459",0
m7Bc3pLyij0,"Marshmello ft. Bastille - Happier (Official Music Video)","927,198,404",0
4JipHEz53sU,"Nicki Minaj - Super Bass","926,728,091",0
fZ9WiuJPnNA,"Sesame Street: Feist sings 1,2,3,4","926,565,949",0
MrTz5xjmso4,"Sean Kingston - Beautiful Girls (Official HD Video)","923,291,861",0
7QU1nvuxaMA,"Audioslave - Like a Stone (Official Video)","922,157,526",0
kYtGl1dX5qI,"will.i.am - Scream & Shout ft. Britney Spears (Official Music Video)","921,924,084",0
YlUKcNNmywk,"Red Hot Chili Peppers - Californication [Official Music Video]","921,078,462",0
1ekZEVeXwek,"Ariana Grande - Into You (Official Video)","920,863,024",0
8JnfIa84TnU,"Clean Bandit - Solo (feat. Demi Lovato) [Official Video]","917,724,447",0
GX8Hg6kWQYI,"XXXTENTACION - MOONLIGHT (OFFICIAL MUSIC VIDEO)","916,672,000",0
EPo5wWmKEaI,"Pitbull - Give Me Everything ft. Ne-Yo, Afrojack, Nayer","915,310,536",0
g36jg5hEYo8,"Vlad and Niki - new Funny stories about Toys for children","914,268,281",0
r7qovpFAGrQ,"Lil Nas X - Old Town Road (Official Video) ft. Billy Ray Cyrus","914,206,323",0
AdQCja4MBcY,"ÿ£ŸÑŸàÿßŸÜ - ÿ∑ŸäŸàÿ± ÿ®Ÿäÿ®Ÿä Toyor Baby","912,972,217",0
U0CGsw6h60k,"Rihanna - What's My Name? (Official Music Video) ft. Drake","908,929,151",0
fPO76Jlnz6c,"Coolio - Gangsta's Paradise (feat. L.V.) [Official Music Video]","905,809,748",0
uuwfgXD8qV8,"Katy Perry - Part Of Me (Official)","905,774,529",1
UDDMYw_IZnE,"Perfect - Ed Sheeran (Lyrics)","905,276,746",0
Ahha3Cqe_fk,"Katy Perry - The One That Got Away (Official Music Video)","902,848,776",0
T7VewKI44rQ,"Nacho, Yandel, Bad Bunny - B√°ilame (Remix)","902,507,236",0
v1rBxf4VgaA,"Clean Up Song | CoComelon Nursery Rhymes & Kids Songs","902,156,016",0
wyx6JDQCslE,"LMFAO - Sexy and I Know It (Official Video)","899,495,687",0
1wYNFfgrXTI,"Eminem - When I'm Gone (Official Music Video)","895,505,893",0
QNJL6nfu__Q,"Michael Jackson - They Don‚Äôt Care About Us (Brazil Version) (Official Video)","895,383,439",0
lDK9QqIzhwk,"Bon Jovi - Livin' On A Prayer (Official Music Video)","891,197,528",0
SD4Z8dlZPd8,"Badshah ‚Äì Genda Phool | Jacqueline Fernandez | Payal Dev | Hit Anthem of the Year 2021","889,134,631",0
FXKqaJA51GY,"Learn Colors With Colored Eggs, √ñyk√º and Cute Monkey - Funny Oyuncak Avƒ±","888,683,507",0
6GUm5g8SG4o,"R. City - Locked Away ft. Adam Levine","888,670,929",0
ft4jcPSLJfY,"David Guetta, Bebe Rexha & J Balvin - Say My Name (Official Video)","887,342,851",0
-qGbUNQqVNc,"Sebasti√°n Yatra, Mau y Ricky - Ya No Tiene Novio (Official Video)","886,386,706",1
8z5cwn9rjq8,"Dagudu Moothalu | Telugu Rhymes for Children | Infobells","886,330,955",0
oiKj0Z_Xnjc,"Stromae - Papaoutai (Official Music Video)","886,088,024",0
nlcIKh6sBtc,"Lorde - Royals (US Version)","884,613,729",0
CfihYWRWRTQ,"John Newman - Love Me Again","884,500,724",0
TR3Vdo5etCQ,"No Doubt - Don't Speak (Official 4K Music Video)","883,127,716",0
7OHMqdMpsj8,"DibusYmas Play Doh Ice cream cupcakes playset playdough by Unboxingsurpriseegg - Vengatoon","881,794,190",0
YJVmu6yttiw,"SKRILLEX - Bangarang feat. Sirah [Official Music Video]","880,842,793",0
MkElfR_NPBI,"Little Mix - Black Magic (Official Video)","880,183,548",0
W6FSOc47PSs,"Strawberry Picking „Ç§„ÉÅ„Ç¥Áã©„Çä #102, Ibuki 1","879,100,091",0
6X3A-Qe4lPg,"üöç The Wheels On The Bus üöå The Best Songs for KIDS - LooLoo Kids","878,423,817",0
b8m9zhNAgKs,"Rae Sremmurd - Black Beatles ft. Gucci Mane (Official Video)","876,417,779",0
NNqLB7znMLU,"Leja Re | Dhvani Bhanushali | Tanishk Bagchi | Rashmi Virag |Radhika Rao| Vinay Sapru | Siddharth","873,682,462",0
NPpELzyP4rw,"Paulo Londra - Tal Vez (Official Video)","871,344,442",0
SHq2qrFUlGY,"Shakira - Perro Fiel (Official Video) ft. Nicky Jam","870,973,818",0
pK060iUFWXg,"Maluma - Haw√°i (Official Video)","870,793,342",0
WcTRQXtXJPs,"Z√© Neto e Cristiano - LARGADO √ÄS TRA√áAS - Z√© Neto e Cristiano Ac√∫stico","869,762,603",0
7OXaY7M0wG8,"Tip Tip Baarish Aayee | Hindi Rhymes for Children | Infobells","868,725,617",0
lcOxhH8N3Bo,"Bonnie Tyler - Total Eclipse of the Heart (Video)","867,847,140",0
OMXkEohsqoY,"Sign up for Facebook","866,886,132",0
bKDdT_nyP54,"Akon - Smack That (Official Music Video) ft. Eminem","866,470,723",0
ExaWNagWYBI,"Canciones infantiles - las mejores canciones infantiles","865,168,874",0
ME2Hufquz0k,"Wisin - Adrenalina (Official Video) ft. Jennifer Lopez, Ricky Martin","864,768,051",1
MPh1p0zeieo,"Dog Pranked with Alien: Funny Dog Maymo","862,332,868",0
Zit9gcr9SBo,"Learn Colors With colored wheel fun play games for kids video","861,931,216",0
yIIGQB6EMAM,"Bom Diggy Diggy  (VIDEO) | Zack Knight | Jasmin Walia | Sonu Ke Titu Ki Sweety","861,884,424",0
6nS05NMXmOI,"Hindi Nursery Rhyme - Aaloo Kachaloo Beta Kahan Gaye The","858,943,204",0
4m1EFMoRFvY,"Beyonc√© - Single Ladies (Put a Ring on It) (Video Version)","858,613,123",0
YL71i-8cobc,"Playing in the Park on the Pirate Ship Playground for Kids Pink Car Ride on Power Wheels & Baby Doll","857,474,905",0
K5KAc5CoCuk,"Indila - Derni√®re Danse (Clip Officiel)","857,413,972",0
D9W4DLjmoOM,"Melendi - Destino o Casualidad ft. Ha*Ash","857,308,284",1
M11SvDtPBhA,"Miley Cyrus - Party In The U.S.A. (Official Video)","854,756,094",0
pa14VNsdSYM,"Rihanna - Only Girl (In The World) (Official Music Video)","854,449,000",0
71h8MZshGSs,"ABC Song + More Nursery Rhymes & Kids Songs - CoComelon","850,767,305",0
hmE9f-TEutc,"BTS (Î∞©ÌÉÑÏÜåÎÖÑÎã®) 'Ìîº ÎïÄ ÎààÎ¨º (Blood Sweat & Tears)' Official MV","850,374,107",0
WUol0rMWxAc,"D√∫o Tiempo de Sol - Canci√≥n Soy una Serpiente","848,788,618",0
UWV41yEiGq0,"Diles - Bad Bunny, Ozuna, Farruko, Arcangel, √ëengo Flow","848,109,950",0
aadGiDqoTYo,"Fun Indoor Playground for Kids and Family at Bill & Bull's Lekland","847,717,951",0
wzMrK-aGCug,"Rae Sremmurd - No Type (Official Video)","847,615,818",0
sEhy-RXkNo0,"Rihanna - Man Down","846,313,422",0
XQaKFU3Fh_M,"La Gallina Turuleca - Canciones de la Granja de Zen√≥n 1","845,994,049",0
WNeLUngb-Xg,"Linkin Park - In The End (Mellen Gi & Tommee Profitt Remix)","845,984,557",0
fV4DiAyExN0,"Hoobastank - The Reason (Official Music Video)","845,771,438",0
0oKreL1jvkg,"Humpty Dumpty Nursery Rhyme - 3D Animation English Rhymes for children","845,404,301",0
4GuqB1BQVr4,"Justin Bieber - Boyfriend (Official Music Video)","844,281,905",0
izGwDsrQ1eQ,"George Michael - Careless Whisper (Official Video)","844,247,367",0
e-fA-gBCkj0,"Bruno Mars - Locked Out Of Heaven (Official Music Video)","840,800,146",0
iOxzG3jjFkY,"Willy William - Ego (Clip Officiel)","838,778,064",0
tvTRZJ-4EyI,"Kendrick Lamar - HUMBLE.","837,971,039",0
SDTZ7iX4vTQ,"Foster The People - Pumped Up Kicks (Official Video)","837,819,700",0
BNTCpF_n6J4,"ABC Song | Wendy Pretend Play Learning Alphabet w/ Toys & Nursery Rhyme Songs","837,149,910",0
YzXi5HpgYGc,"Johny Johny Yes Papa (Parents Version) | CoComelon Nursery Rhymes & Kids Songs","834,133,508",0
UtF6Jej8yb4,"Avicii - The Nights","833,009,734",0
8avC3hHNeSE,"Mau y Ricky, Manuel Turizo, Camilo - Desconocidos (Official Video)","830,037,927",0
IPfJnp1guPc,"Khalid - Young Dumb & Broke (Official Video)","828,790,564",0
5JJ_jqqpTMY,"Making Slime with Funny Balloons - Satisfying Slime video","827,358,059",0
pAgnJDJN4VA,"AC/DC - Back In Black (Official Video)","826,464,611",0
ShZ978fBl6Y,"Calum Scott - You Are The Reason (Official Video)","826,357,226",0
5anLPw0Efmo,"Evanescence - My Immortal (Official Music Video)","825,846,659",0
EHkozMIXZ8w,"Eminem ft. Rihanna - The Monster (Explicit) [Official Video]","823,950,467",0
sOnqjkJTMaA,"Michael Jackson - Thriller (Official Video)","823,261,584",1
1y6smkh6c-0,"Swedish House Mafia ft. John Martin - Don't You Worry Child (Official Video)","822,909,341",1
VYOjWnS4cMY,"Childish Gambino - This Is America (Official Video)","822,901,015",1
5wnNBQAkc-A,"ŸÖÿßŸÖÿß ÿ¨ÿßÿ®ÿ™ ÿ®Ÿäÿ®Ÿä - ÿ¨ŸÜŸâ ŸÖŸÇÿØÿßÿØ | ÿ∑ŸäŸàÿ± ÿßŸÑÿ¨ŸÜÿ©","821,778,152",0
CdXesX6mYUE,"Pitbull - International Love (Official Video) ft. Chris Brown","821,706,740",0
7UO0O6ADu4Q,"BANDA MS - EL COLOR DE TUS OJOS (VIDEO OFICIAL)","819,542,138",0
YWu9mB6X9Oc,"La Adictiva Banda San Jos√© de Mesillas - Despu√©s de Ti, ¬øQui√©n? (Video Oficial)","819,491,307",1
WAcnWtZjDWE,"Ozuna - Dile Que Tu Me Quieres (Video Oficial) | Odisea","818,795,398",0
9BMwcO6_hyA,"Bon Jovi - Always (Official Music Video)","816,591,065",0
Pgmx7z49OEk,"Jennifer Lopez - Ain't Your Mama (Official Video)","815,775,962",0
TGtWWb9emYI,"We Are One (Ole Ola) [The Official 2014 FIFA World Cup Song] (Olodum Mix)","815,035,041",0
AtKZKl7Bgu0,"Calvin Harris - I Need Your Love (Official Video) ft. Ellie Goulding","814,063,684",0
2UtEvqe34jI,"Toddlers ‡§ï‡•á ‡§≤‡§ø‡§è ‡§ñ‡§ø‡§≤‡•å‡§®‡§æ ‡§≤‡§∞‡•ç‡§®‡§ø‡§Ç‡§ó ‡§µ‡•Ä‡§°‡§ø‡§Ø‡•ã - ‡§Ü‡§ï‡§æ‡§∞, ‡§∞‡§Ç‡§ó, ‡§ñ‡§æ‡§¶‡•ç‡§Ø ‡§®‡§æ‡§Æ ‡§ú‡§æ‡§®‡•á‡§Ç, ‡§ú‡§®‡•ç‡§Æ‡§¶‡§ø‡§® ‡§ï‡•á‡§ï ‡§ï‡•á ‡§∏‡§æ‡§• ‡§ó‡§ø‡§®‡§§‡•Ä!","811,474,393",0
SlPhMPnQ58k,"Maroon 5 - Memories (Official Video)","810,358,556",1
1dttq5p0xUM,"Baa Baa Black Sheep - The Joy of Sharing!","810,216,199",0
QCUg2r3vyJc,"El Barco - El mordisco - ANTENA 3 TV","809,885,463",0
Fy93n4Xvq78,"Las Canciones de la Granja de Zen√≥n - Lo Mejor de lo Mejor en HD - El Reino Infantil","808,763,809",0
wcLNteez3c4,"PSY (ft. HYUNA) - Ïò§Îπ§ Îî± ÎÇ¥ Ïä§ÌÉÄÏùº M/V","808,017,521",0
WwQPh_mTrSg,"Pica Pica - Popurr√≠ de Autob√∫s (Videoclip Oficial) - English Pitinglish","806,871,885",0
9Sc-ir2UwGU,"Kygo - Firestone ft. Conrad Sewell (Official Video)","806,001,253",0
aPxVSCfoYnU,"Omarion Ft. Chris Brown & Jhene Aiko - Post To Be (Official Music Video)","805,525,082",0
oRdxUFDoQe0,"Michael Jackson - Beat It (Official Video)","804,743,878",0
IdneKLhsWOQ,"Taylor Swift - Wildest Dreams","804,280,448",0
A1bK5EBJ5uE,"Johny Johny Yes Papa Eating Lollipops / Nursery Rhymes Song for kids by Ksysha Kids TV","802,593,188",0
gOsM-DYAEhY,"Imagine Dragons - Whatever It Takes","800,666,946",0
ebsS9tEi5zc,"Rescue Abandoned Puppies Building Mud House Dog And Fish Pond For Red Fish","799,880,158",0
1YBl3Zbt80A,"Badri Ki Dulhania (Title Track) Varun, Alia, Tanishk, Neha, Monali, Ikka | ""Badrinath Ki Dulhania""","799,019,145",0
b73BI9eUkjM,"JENNIE - 'SOLO' M/V","798,213,585",0
783EsrHchXA,"Sesame Street: Sing the Alphabet Song! | Sesame Street Alphabet","797,794,682",0
_iktURk0X-A,"Phir Bhi Tumko Chaahunga - Full Song | Arijit Singh | Arjun K & Shraddha K | Mithoon , Manoj M","795,807,794",0
47ODQI0OSOA,"Clean Up Trash Song | CoComelon Nursery Rhymes & Kids Songs","794,011,443",0
8JW5hbuuD7A,"One Two Buckle My Shoe | COUNTING GAME | Mother Goose Club Playhouse Kids Video","793,927,900",0
